{
    "cat": "gadget",
    "box": 1000,
    "grid": 128,
    "interpolation": 4,
    "interlacing": true,
    "kbin": 2.0,
    "kcenter": 2.0,
    "iopen": false,
    "om": 0.3175,
    "ol": 0.6825,
    "z": 0.0,
    "multipoles": false,
    "los": [
        0.0,
        0.0,
        1.0
    ],
    "cross": false,
    "cfile": "testdata/cfile_N128.npz",
    "npool": 16,
    "savedensity": false,
    "config_file": "config.json",
    "ifile": "testdata/catalogdata.npz",
    "ps_outfile": "testdata/powerspectrum.dat",
    "bs_outfile": "testdata/bispectrum.dat",
    "dk": 0.012566370614359173,
    "nbins_ps": 32,
    "nbins_bisp": 21,
    "kf": 0.006283185307179587,
    "kN": 0.40212385965949354,
    "Hz": 100.0,
    "itot": 1056,
    "kvec": [
        0.012566370614359173,
        0.025132741228718346,
        0.03769911184307752,
        0.05026548245743669,
        0.06283185307179587,
        0.07539822368615504,
        0.0879645943005142,
        0.10053096491487339,
        0.11309733552923255,
        0.12566370614359174,
        0.1382300767579509,
        0.15079644737231007,
        0.16336281798666924,
        0.1759291886010284,
        0.1884955592153876,
        0.20106192982974677,
        0.21362830044410594,
        0.2261946710584651,
        0.23876104167282428,
        0.25132741228718347,
        0.26389378290154264,
        0.2764601535159018,
        0.289026524130261,
        0.30159289474462014,
        0.3141592653589793,
        0.3267256359733385,
        0.33929200658769765,
        0.35185837720205687,
        0.36442474781641604,
        0.3769911184307752,
        0.3895574890451344,
        0.40212385965949354
    ]
}